[
    {
        "category": "Best Actor in a Leading Role",
        "name": "Bradley Cooper",
        "name2": null,
        "name3": null,
        "name4": null,
        "name5": null,
        "namecode": "benproudfootkrisbowers",
        "film": "Maestro",
        "filmcode": "maestro",
        "music": null,
        "": null,
        "country": null,
        "nomineecode": null,
        "winner": null,
        "trailer-link": "https://trailer-link.com"
    },
    {
        "category": "Best Actor in a Leading Role",
        "name": "Bradley Cooper",
        "name2": null,
        "name3": null,
        "name4": null,
        "name5": null,
        "namecode": "bradleycooper",
        "film": "Oppenheimer",
        "filmcode": "oppenheimer",
        "music": null,
        "": null,
        "country": null,
        "nomineecode": null,
        "winner": null,
        "trailer-link": "https://trailer-link.com"
    },
    {
        "category": "Best Actor in a Leading Role",
        "name": "Cillian Murphy",
        "name2": null,
        "name3": null,
        "name4": null,
        "name5": null,
        "namecode": "cillianmurphy",
        "film": "Rustin",
        "filmcode": "rustin",
        "music": null,
        "": null,
        "country": null,
        "nomineecode": null,
        "winner": null,
        "trailer-link": "https://trailer-link.com"
    },
    {
        "category": "Best Actor in a Leading Role",
        "name": "Colman Domingo",
        "name2": null,
        "name3": null,
        "name4": null,
        "name5": null,
        "namecode": "colmandomingo",
        "film": "American Fiction",
        "filmcode": "americanfiction",
        "music": null,
        "": null,
        "country": null,
        "nomineecode": null,
        "winner": null,
        "trailer-link": "https://trailer-link.com"
    },
    {
        "category": "Best Actor in a Leading Role",
        "name": "Jeffrey Wright",
        "name2": null,
        "name3": null,
        "name4": null,
        "name5": null,
        "namecode": "jeffreywright",
        "film": "The Holdovers",
        "filmcode": "theholdovers",
        "music": null,
        "": null,
        "country": null,
        "nomineecode": null,
        "winner": null,
        "trailer-link": "https://trailer-link.com"
    },
    {
        "category": "Documentary Short Film",
        "name": "Ben Proudfoot",
        "name2": "Kris Bowers",
        "name3": null,
        "name4": null,
        "name5": null,
        "namecode": "benproudfootkrisbowers",
        "film": "The Last Repair Shop",
        "filmcode": "thelastrepairshop",
        "music": null,
        "": null,
        "country": null,
        "nomineecode": null,
        "winner": null,
        "trailer-link": "https://trailer-link.com"
    },
    {
        "category": "Documentary Short Film",
        "name": "Sheila Nevins",
        "name2": "Trish Adlesic",
        "name3": null,
        "name4": null,
        "name5": null,
        "namecode": "sheilanevinstrishadlesic",
        "film": "The ABCs of Book Banning",
        "filmcode": "theabcsofbookbanning",
        "music": null,
        "": null,
        "country": null,
        "nomineecode": null,
        "winner": null,
        "trailer-link": "https://trailer-link.com"
    },
    {
        "category": "Documentary Short Film",
        "name": "John Hoffman",
        "name2": "Christine Turner",
        "name3": null,
        "name4": null,
        "name5": null,
        "namecode": "johnhoffmanchristineturner",
        "film": "The Barber of Little Rock",
        "filmcode": "thebarberoflittlerock",
        "music": null,
        "": null,
        "country": null,
        "nomineecode": null,
        "winner": null,
        "trailer-link": "https://trailer-link.com"
    },
    {
        "category": "Documentary Short Film",
        "name": "S. Leo Chiang",
        "name2": "Jean Tsien",
        "name3": null,
        "name4": null,
        "name5": null,
        "namecode": "sleochiangjeantsien",
        "film": "Island in Between",
        "filmcode": "islandinbetween",
        "music": null,
        "": null,
        "country": null,
        "nomineecode": null,
        "winner": null,
        "trailer-link": "https://trailer-link.com"
    },
    {
        "category": "Documentary Short Film",
        "name": "Sean Wang",
        "name2": "Sam Davis",
        "name3": null,
        "name4": null,
        "name5": null,
        "namecode": "seanwangsamdavis",
        "film": "Nǎi Nai & Wài Pó",
        "filmcode": "nǎinai&wàipó",
        "music": null,
        "": null,
        "country": null,
        "nomineecode": null,
        "winner": null,
        "trailer-link": "https://trailer-link.com"
    },
    {
        "category": "Best Picture",
        "name": "Emma Thomas",
        "name2": "Charles Roven",
        "name3": "Christopher Nolan",
        "name4": null,
        "name5": null,
        "namecode": "emmathomascharlesrovenchristophernolan",
        "film": "Oppenheimer",
        "filmcode": "oppenheimer",
        "music": null,
        "": null,
        "country": null,
        "nomineecode": null,
        "winner": null,
        "trailer-link": null
    },
    {
        "category": "Best Picture",
        "name": "Ben LeClair",
        "name2": "Nikos Karamigios",
        "name3": "Cord Jefferson",
        "name4": "Jermaine Johnson",
        "name5": null,
        "namecode": "benleclairnikoskaramigioscordjeffersonjermainejohnson",
        "film": "American Fiction",
        "filmcode": "americanfiction",
        "music": null,
        "": null,
        "country": null,
        "nomineecode": null,
        "winner": null,
        "trailer-link": null
    },
    {
        "category": "Best Picture",
        "name": "Marie-Ange Luciani",
        "name2": "David Thion",
        "name3": null,
        "name4": null,
        "name5": null,
        "namecode": "marie-angelucianidavidthion",
        "film": "Anatomy of a Fall",
        "filmcode": "anatomyofafall",
        "music": null,
        "": null,
        "country": null,
        "nomineecode": null,
        "winner": null,
        "trailer-link": null
    },
    {
        "category": "Best Picture",
        "name": "David Heyman",
        "name2": "Margot Robbie",
        "name3": "Tom Ackerley",
        "name4": "Robbie Brenner",
        "name5": null,
        "namecode": "davidheymanmargotrobbietomackerleyrobbiebrenner",
        "film": "Barbie",
        "filmcode": "barbie",
        "music": null,
        "": null,
        "country": null,
        "nomineecode": null,
        "winner": null,
        "trailer-link": null
    },
    {
        "category": "Best Picture",
        "name": "Mark Johnson",
        "name2": null,
        "name3": null,
        "name4": null,
        "name5": null,
        "namecode": "markjohnson",
        "film": "The Holdovers",
        "filmcode": "theholdovers",
        "music": null,
        "": null,
        "country": null,
        "nomineecode": null,
        "winner": null,
        "trailer-link": null
    },
    {
        "category": "Best Picture",
        "name": "Dan Friedkin",
        "name2": "Bradley Thomas",
        "name3": "Martin Scorsese",
        "name4": "Daniel Lupi",
        "name5": null,
        "namecode": "danfriedkinbradleythomasmartinscorsesedaniellupi",
        "film": "Killers of the Flower Moon",
        "filmcode": "killersoftheflowermoon",
        "music": null,
        "": null,
        "country": null,
        "nomineecode": null,
        "winner": null,
        "trailer-link": null
    },
    {
        "category": "Best Picture",
        "name": "Bradley Cooper",
        "name2": "Steven Spielberg",
        "name3": "Fred Berner",
        "name4": "Amy Durning",
        "name5": "Kristie Macosko Krieger",
        "namecode": "bradleycooperstevenspielbergfredberneramydurningkristiemacoskokrieger",
        "film": "Maestro",
        "filmcode": "maestro",
        "music": null,
        "": null,
        "country": null,
        "nomineecode": null,
        "winner": null,
        "trailer-link": null
    },
    {
        "category": "Best Picture",
        "name": "David Hinojosa",
        "name2": "Christine Vachon",
        "name3": "Pamela Koffler",
        "name4": null,
        "name5": null,
        "namecode": "davidhinojosachristinevachonpamelakoffler",
        "film": "Past Lives",
        "filmcode": "pastlives",
        "music": null,
        "": null,
        "country": null,
        "nomineecode": null,
        "winner": null,
        "trailer-link": null
    },
    {
        "category": "Best Picture",
        "name": "Ed Guiney",
        "name2": "Andrew Lowe",
        "name3": "Yorgos Lanthimos",
        "name4": "Emma Stone",
        "name5": null,
        "namecode": "edguineyandrewloweyorgoslanthimosemmastone",
        "film": "Poor Things",
        "filmcode": "poorthings",
        "music": null,
        "": null,
        "country": null,
        "nomineecode": null,
        "winner": null,
        "trailer-link": null
    },
    {
        "category": "Best Picture",
        "name": "James Wilson",
        "name2": null,
        "name3": null,
        "name4": null,
        "name5": null,
        "namecode": "jameswilson",
        "film": "The Zone of Interest",
        "filmcode": "thezoneofinterest",
        "music": null,
        "": null,
        "country": null,
        "nomineecode": null,
        "winner": null,
        "trailer-link": null
    },
    {
        "category": "Music (Original Score)",
        "name": null,
        "name2": "Billie Eilish",
        "name3": "Finneas O'Connell",
        "name4": null,
        "name5": null,
        "namecode": "billieeilishfinneaso'connell",
        "film": "Barbie",
        "filmcode": "barbie",
        "music": "What Was I Made For?",
        "": null,
        "country": null,
        "nomineecode": null,
        "winner": null,
        "trailer-link": null
    },
    {
        "category": "Music (Original Score)",
        "name": null,
        "name2": "Diane Warren",
        "name3": null,
        "name4": null,
        "name5": null,
        "namecode": "dianewarren",
        "film": "Flamin' Hot",
        "filmcode": "flamin'hot",
        "music": "The Fire Inside",
        "": null,
        "country": null,
        "nomineecode": null,
        "winner": null,
        "trailer-link": null
    },
    {
        "category": "Music (Original Score)",
        "name": null,
        "name2": "Mark Ronson",
        "name3": "Andrew Wyatt",
        "name4": null,
        "name5": null,
        "namecode": "markronsonandrewwyatt",
        "film": "Barbie",
        "filmcode": "barbie",
        "music": "I'm Just Ken",
        "": null,
        "country": null,
        "nomineecode": null,
        "winner": null,
        "trailer-link": null
    },
    {
        "category": "Music (Original Score)",
        "name": null,
        "name2": "Jon Batiste",
        "name3": "Dan Wilson",
        "name4": null,
        "name5": null,
        "namecode": "jonbatistedanwilson",
        "film": "American Symphony",
        "filmcode": "americansymphony",
        "music": "It Never Went Away",
        "": null,
        "country": null,
        "nomineecode": null,
        "winner": null,
        "trailer-link": null
    },
    {
        "category": "Music (Original Score)",
        "name": null,
        "name2": "Scott George",
        "name3": null,
        "name4": null,
        "name5": null,
        "namecode": "scottgeorge",
        "film": "Killers of the Flower Moon",
        "filmcode": "killersoftheflowermoon",
        "music": "Wahzhazhe (A Song For My People)",
        "": null,
        "country": null,
        "nomineecode": null,
        "winner": null,
        "trailer-link": null
    }
]