[
    {
        "category": "Best picture",
        "name": "Alex Coco",
        "name2": "Samantha Quan",
        "name3": "Sean Baker",
        "name4": null,
        "name5": null,
        "namecode": "alexcocosamanthaquanseanbaker",
        "film": "Anora Neon",
        "filmcode": "anoraneon",
        "music": null,
        "": null,
        "country": null,
        "nomineecode": null,
        "winner": null,
        "trailer-link": "https://trailer-link.com",
        "studio": "Anora Neon"
    },
    {
        "category": "Best picture",
        "name": "Nominees to be determined",
        "name2": null,
        "name3": null,
        "name4": null,
        "name5": null,
        "namecode": "nomineestobedetermined",
        "film": "The Brutalist A24",
        "filmcode": "thebrutalista24",
        "music": null,
        "": null,
        "country": null,
        "nomineecode": null,
        "winner": null,
        "trailer-link": null,
        "studio": "The Brutalist A24"
    },
    {
        "category": "Best picture",
        "name": "Fred Berger",
        "name2": "James Mangold",
        "name3": "Alex Heineman",
        "name4": null,
        "name5": null,
        "namecode": "fredbergerjamesmangoldalexheineman",
        "film": "A Complete Unknown Searchlight",
        "filmcode": "acompleteunknownsearchlight",
        "music": null,
        "": null,
        "country": null,
        "nomineecode": null,
        "winner": null,
        "trailer-link": null,
        "studio": "A Complete Unknown Searchlight"
    },
    {
        "category": "Best picture",
        "name": "Tessa Ross",
        "name2": "Juliette Howell",
        "name3": "Michael A. Jackman",
        "name4": null,
        "name5": null,
        "namecode": "tessarossjuliettehowellmichaelajackman",
        "film": "Conclave Focus",
        "filmcode": "conclavefocus",
        "music": null,
        "": null,
        "country": null,
        "nomineecode": null,
        "winner": null,
        "trailer-link": null,
        "studio": "Conclave Focus"
    },
    {
        "category": "Best picture",
        "name": "Mary Parent",
        "name2": "Cale Boyter",
        "name3": "Tanya Lapointe",
        "name4": "Denis Villeneuve",
        "name5": null,
        "namecode": "maryparentcaleboytertanyalapointedenisvilleneuve",
        "film": "Dune: Part Two Warner Bros.",
        "filmcode": "duneparttwowarnerbros",
        "music": null,
        "": null,
        "country": null,
        "nomineecode": null,
        "winner": null,
        "trailer-link": null,
        "studio": "Dune: Part Two Warner Bros."
    },
    {
        "category": "Best picture",
        "name": "Nominees to be determined",
        "name2": null,
        "name3": null,
        "name4": null,
        "name5": null,
        "namecode": "nomineestobedetermined",
        "film": "Emilia Pérez Netflix",
        "filmcode": "emiliapéreznetflix",
        "music": null,
        "": null,
        "country": null,
        "nomineecode": null,
        "winner": null,
        "trailer-link": null,
        "studio": "Emilia Pérez Netflix"
    },
    {
        "category": "Best picture",
        "name": "Nominees to be determined",
        "name2": null,
        "name3": null,
        "name4": null,
        "name5": null,
        "namecode": "nomineestobedetermined",
        "film": "I'm Still Here Sony Classics",
        "filmcode": "i'mstillheresonyclassics",
        "music": null,
        "": null,
        "country": null,
        "nomineecode": null,
        "winner": null,
        "trailer-link": null,
        "studio": "I'm Still Here Sony Classics"
    },
    {
        "category": "Best picture",
        "name": "Nominees to be determined",
        "name2": null,
        "name3": null,
        "name4": null,
        "name5": null,
        "namecode": "nomineestobedetermined",
        "film": "Nickel Boys Amazon/MGM",
        "filmcode": "nickelboysamazon/mgm",
        "music": null,
        "": null,
        "country": null,
        "nomineecode": null,
        "winner": null,
        "trailer-link": null,
        "studio": "Nickel Boys Amazon/MGM"
    },
    {
        "category": "Best picture",
        "name": "Nominees to be determined",
        "name2": null,
        "name3": null,
        "name4": null,
        "name5": null,
        "namecode": "nomineestobedetermined",
        "film": "The Substance Mubi",
        "filmcode": "thesubstancemubi",
        "music": null,
        "": null,
        "country": null,
        "nomineecode": null,
        "winner": null,
        "trailer-link": null,
        "studio": "The Substance Mubi"
    },
    {
        "category": "Best picture",
        "name": "Marc Platt",
        "name2": null,
        "name3": null,
        "name4": null,
        "name5": null,
        "namecode": "marcplatt",
        "film": "Wicked Universal",
        "filmcode": "wickeduniversal",
        "music": null,
        "": null,
        "country": null,
        "nomineecode": null,
        "winner": null,
        "trailer-link": null,
        "studio": "Wicked Universal"
    },
    {
        "category": "Best director",
        "name": "Sean Baker",
        "name2": null,
        "name3": null,
        "name4": null,
        "name5": null,
        "namecode": "seanbaker",
        "film": "Anora\"",
        "filmcode": "anora\"",
        "music": null,
        "": null,
        "country": null,
        "nomineecode": null,
        "winner": null,
        "trailer-link": null,
        "studio": null
    },
    {
        "category": "Best director",
        "name": "Brady Corbet",
        "name2": null,
        "name3": null,
        "name4": null,
        "name5": null,
        "namecode": "bradycorbet",
        "film": "The Brutalist",
        "filmcode": "thebrutalist",
        "music": null,
        "": null,
        "country": null,
        "nomineecode": null,
        "winner": null,
        "trailer-link": null,
        "studio": null
    },
    {
        "category": "Best director",
        "name": "James Mangold",
        "name2": null,
        "name3": null,
        "name4": null,
        "name5": null,
        "namecode": "jamesmangold",
        "film": "A Complete Unknown",
        "filmcode": "acompleteunknown",
        "music": null,
        "": null,
        "country": null,
        "nomineecode": null,
        "winner": null,
        "trailer-link": null,
        "studio": null
    },
    {
        "category": "Best director",
        "name": "Jacques Audiard",
        "name2": null,
        "name3": null,
        "name4": null,
        "name5": null,
        "namecode": "jacquesaudiard",
        "film": "Emilia Pérez",
        "filmcode": "emiliapérez",
        "music": null,
        "": null,
        "country": null,
        "nomineecode": null,
        "winner": null,
        "trailer-link": null,
        "studio": null
    },
    {
        "category": "Best director",
        "name": "Coralie Fargeat",
        "name2": null,
        "name3": null,
        "name4": null,
        "name5": null,
        "namecode": "coraliefargeat",
        "film": "The Substance",
        "filmcode": "thesubstance",
        "music": null,
        "": null,
        "country": null,
        "nomineecode": null,
        "winner": null,
        "trailer-link": null,
        "studio": null
    },
    {
        "category": "Best actress",
        "name": "Cynthia Erivo",
        "name2": null,
        "name3": null,
        "name4": null,
        "name5": null,
        "namecode": "cynthiaerivo",
        "film": "Wicked",
        "filmcode": "wicked",
        "music": null,
        "": null,
        "country": null,
        "nomineecode": null,
        "winner": null,
        "trailer-link": null,
        "studio": null
    },
    {
        "category": "Best actress",
        "name": "Karla Sofia Gascón",
        "name2": null,
        "name3": null,
        "name4": null,
        "name5": null,
        "namecode": "karlasofiagascón",
        "film": "Emilia Pérez",
        "filmcode": "emiliapérez",
        "music": null,
        "": null,
        "country": null,
        "nomineecode": null,
        "winner": null,
        "trailer-link": null,
        "studio": null
    },
    {
        "category": "Best actress",
        "name": "Mikey Madison",
        "name2": null,
        "name3": null,
        "name4": null,
        "name5": null,
        "namecode": "mikeymadison",
        "film": "Anora",
        "filmcode": "anora",
        "music": null,
        "": null,
        "country": null,
        "nomineecode": null,
        "winner": null,
        "trailer-link": null,
        "studio": null
    },
    {
        "category": "Best actress",
        "name": "Demi Moore",
        "name2": null,
        "name3": null,
        "name4": null,
        "name5": null,
        "namecode": "demimoore",
        "film": "The Substance",
        "filmcode": "thesubstance",
        "music": null,
        "": null,
        "country": null,
        "nomineecode": null,
        "winner": null,
        "trailer-link": null,
        "studio": null
    },
    {
        "category": "Best actress",
        "name": "Fernanda Torres",
        "name2": null,
        "name3": null,
        "name4": null,
        "name5": null,
        "namecode": "fernandatorres",
        "film": "I'm Still Here",
        "filmcode": "i'mstillhere",
        "music": null,
        "": null,
        "country": null,
        "nomineecode": null,
        "winner": null,
        "trailer-link": null,
        "studio": null
    },
    {
        "category": "Best actor",
        "name": "Adrian Brody",
        "name2": null,
        "name3": null,
        "name4": null,
        "name5": null,
        "namecode": "adrianbrody",
        "film": "The Brutalist",
        "filmcode": "thebrutalist",
        "music": null,
        "": null,
        "country": null,
        "nomineecode": null,
        "winner": null,
        "trailer-link": null,
        "studio": null
    },
    {
        "category": "Best actor",
        "name": "Timothée Chalamet",
        "name2": null,
        "name3": null,
        "name4": null,
        "name5": null,
        "namecode": "timothéechalamet",
        "film": "A Complete Unknown",
        "filmcode": "acompleteunknown",
        "music": null,
        "": null,
        "country": null,
        "nomineecode": null,
        "winner": null,
        "trailer-link": null,
        "studio": null
    },
    {
        "category": "Best actor",
        "name": "Colman Domingo",
        "name2": null,
        "name3": null,
        "name4": null,
        "name5": null,
        "namecode": "colmandomingo",
        "film": "Sing Sing",
        "filmcode": "singsing",
        "music": null,
        "": null,
        "country": null,
        "nomineecode": null,
        "winner": null,
        "trailer-link": null,
        "studio": null
    },
    {
        "category": "Best actor",
        "name": "Ralph Fiennes",
        "name2": null,
        "name3": null,
        "name4": null,
        "name5": null,
        "namecode": "ralphfiennes",
        "film": "Conclave",
        "filmcode": "conclave",
        "music": null,
        "": null,
        "country": null,
        "nomineecode": null,
        "winner": null,
        "trailer-link": null,
        "studio": null
    },
    {
        "category": "Best actor",
        "name": "Sebastian Stan",
        "name2": null,
        "name3": null,
        "name4": null,
        "name5": null,
        "namecode": "sebastianstan",
        "film": "The Apprentice",
        "filmcode": "theapprentice",
        "music": null,
        "": null,
        "country": null,
        "nomineecode": null,
        "winner": null,
        "trailer-link": null,
        "studio": null
    },
    {
        "category": "Best supporting actress",
        "name": "Monica Barbaro",
        "name2": null,
        "name3": null,
        "name4": null,
        "name5": null,
        "namecode": "monicabarbaro",
        "film": "A Complete Unknown",
        "filmcode": "acompleteunknown",
        "music": null,
        "": null,
        "country": null,
        "nomineecode": null,
        "winner": null,
        "trailer-link": null,
        "studio": null
    },
    {
        "category": "Best supporting actress",
        "name": "Ariana Grande",
        "name2": null,
        "name3": null,
        "name4": null,
        "name5": null,
        "namecode": "arianagrande",
        "film": "Wicked",
        "filmcode": "wicked",
        "music": null,
        "": null,
        "country": null,
        "nomineecode": null,
        "winner": null,
        "trailer-link": null,
        "studio": null
    },
    {
        "category": "Best supporting actress",
        "name": "Felicity Jones",
        "name2": null,
        "name3": null,
        "name4": null,
        "name5": null,
        "namecode": "felicityjones",
        "film": "The Brutalist",
        "filmcode": "thebrutalist",
        "music": null,
        "": null,
        "country": null,
        "nomineecode": null,
        "winner": null,
        "trailer-link": null,
        "studio": null
    },
    {
        "category": "Best supporting actress",
        "name": "Isabella Rossellini",
        "name2": null,
        "name3": null,
        "name4": null,
        "name5": null,
        "namecode": "isabellarossellini",
        "film": "Conclave",
        "filmcode": "conclave",
        "music": null,
        "": null,
        "country": null,
        "nomineecode": null,
        "winner": null,
        "trailer-link": null,
        "studio": null
    },
    {
        "category": "Best supporting actress",
        "name": "Zoe Saldaña",
        "name2": null,
        "name3": null,
        "name4": null,
        "name5": null,
        "namecode": "zoesaldaña",
        "film": "Emilia Pérez",
        "filmcode": "emiliapérez",
        "music": null,
        "": null,
        "country": null,
        "nomineecode": null,
        "winner": null,
        "trailer-link": null,
        "studio": null
    },
    {
        "category": "Best supporting actor",
        "name": "Yura Borisov",
        "name2": null,
        "name3": null,
        "name4": null,
        "name5": null,
        "namecode": "yuraborisov",
        "film": "Anora",
        "filmcode": "anora",
        "music": null,
        "": null,
        "country": null,
        "nomineecode": null,
        "winner": null,
        "trailer-link": null,
        "studio": null
    },
    {
        "category": "Best supporting actor",
        "name": "Kieran Culkin",
        "name2": null,
        "name3": null,
        "name4": null,
        "name5": null,
        "namecode": "kieranculkin",
        "film": "A Real Pain",
        "filmcode": "arealpain",
        "music": null,
        "": null,
        "country": null,
        "nomineecode": null,
        "winner": null,
        "trailer-link": null,
        "studio": null
    },
    {
        "category": "Best supporting actor",
        "name": "Edward Norton",
        "name2": null,
        "name3": null,
        "name4": null,
        "name5": null,
        "namecode": "edwardnorton",
        "film": "A Complete Unknown",
        "filmcode": "acompleteunknown",
        "music": null,
        "": null,
        "country": null,
        "nomineecode": null,
        "winner": null,
        "trailer-link": null,
        "studio": null
    },
    {
        "category": "Best supporting actor",
        "name": "Guy Pearce",
        "name2": null,
        "name3": null,
        "name4": null,
        "name5": null,
        "namecode": "guypearce",
        "film": "The Brutalist",
        "filmcode": "thebrutalist",
        "music": null,
        "": null,
        "country": null,
        "nomineecode": null,
        "winner": null,
        "trailer-link": null,
        "studio": null
    },
    {
        "category": "Best supporting actor",
        "name": "Jeremy Strong",
        "name2": null,
        "name3": null,
        "name4": null,
        "name5": null,
        "namecode": "jeremystrong",
        "film": "The Apprentice",
        "filmcode": "theapprentice",
        "music": null,
        "": null,
        "country": null,
        "nomineecode": null,
        "winner": null,
        "trailer-link": null,
        "studio": null
    },
    {
        "category": "Best original screenplay",
        "name": "Sean Baker",
        "name2": null,
        "name3": null,
        "name4": null,
        "name5": null,
        "namecode": "seanbaker",
        "film": "Anora",
        "filmcode": "anora",
        "music": null,
        "": null,
        "country": null,
        "nomineecode": null,
        "winner": null,
        "trailer-link": null,
        "studio": null
    },
    {
        "category": "Best original screenplay",
        "name": "Brady Corbet",
        "name2": "Mona Fastvold",
        "name3": null,
        "name4": null,
        "name5": null,
        "namecode": "bradycorbetmonafastvold",
        "film": "The Brutalist",
        "filmcode": "thebrutalist",
        "music": null,
        "": null,
        "country": null,
        "nomineecode": null,
        "winner": null,
        "trailer-link": null,
        "studio": null
    },
    {
        "category": "Best original screenplay",
        "name": "Jesse Eisenberg",
        "name2": null,
        "name3": null,
        "name4": null,
        "name5": null,
        "namecode": "jesseeisenberg",
        "film": "A Real Pain",
        "filmcode": "arealpain",
        "music": null,
        "": null,
        "country": null,
        "nomineecode": null,
        "winner": null,
        "trailer-link": null,
        "studio": null
    },
    {
        "category": "Best original screenplay",
        "name": "Tim Fehlbaum",
        "name2": "Moritz Binder",
        "name3": null,
        "name4": null,
        "name5": null,
        "namecode": "timfehlbaummoritzbinder",
        "film": "September 5",
        "filmcode": "september5",
        "music": null,
        "": null,
        "country": null,
        "nomineecode": null,
        "winner": null,
        "trailer-link": null,
        "studio": null
    },
    {
        "category": "Best original screenplay",
        "name": "Coralie Fargeat",
        "name2": null,
        "name3": null,
        "name4": null,
        "name5": null,
        "namecode": "coraliefargeat",
        "film": "The Substance",
        "filmcode": "thesubstance",
        "music": null,
        "": null,
        "country": null,
        "nomineecode": null,
        "winner": null,
        "trailer-link": null,
        "studio": null
    },
    {
        "category": "Best adapted screenplay",
        "name": "Jay Cocks",
        "name2": "James Mangold",
        "name3": null,
        "name4": null,
        "name5": null,
        "namecode": "jaycocksjamesmangold",
        "film": "A Complete Unknown",
        "filmcode": "acompleteunknown",
        "music": null,
        "": null,
        "country": null,
        "nomineecode": null,
        "winner": null,
        "trailer-link": null,
        "studio": null
    },
    {
        "category": "Best adapted screenplay",
        "name": "Peter Straughan",
        "name2": null,
        "name3": null,
        "name4": null,
        "name5": null,
        "namecode": "peterstraughan",
        "film": "Conclave",
        "filmcode": "conclave",
        "music": null,
        "": null,
        "country": null,
        "nomineecode": null,
        "winner": null,
        "trailer-link": null,
        "studio": null
    },
    {
        "category": "Best adapted screenplay",
        "name": "Jacques Audiard",
        "name2": "Thomas Bidegain",
        "name3": "Nicolas Livecchi",
        "name4": null,
        "name5": null,
        "namecode": "jacquesaudiardthomasbidegainnicolaslivecchi",
        "film": "Emilia Pérez",
        "filmcode": "emiliapérez",
        "music": null,
        "": null,
        "country": null,
        "nomineecode": null,
        "winner": null,
        "trailer-link": null,
        "studio": null
    },
    {
        "category": "Best adapted screenplay",
        "name": "RaMell Ross",
        "name2": "Joslyn Barnes",
        "name3": null,
        "name4": null,
        "name5": null,
        "namecode": "ramellrossjoslynbarnes",
        "film": "Nickel Boys",
        "filmcode": "nickelboys",
        "music": null,
        "": null,
        "country": null,
        "nomineecode": null,
        "winner": null,
        "trailer-link": null,
        "studio": null
    },
    {
        "category": "Best adapted screenplay",
        "name": "Clint Bentley",
        "name2": "Greg Kwedar",
        "name3": "Clarence Maclin",
        "name4": "John Divine G Whitfield",
        "name5": null,
        "namecode": "clintbentleygregkwedarclarencemaclinjohndivinegwhitfield",
        "film": "Sing Sing",
        "filmcode": "singsing",
        "music": null,
        "": null,
        "country": null,
        "nomineecode": null,
        "winner": null,
        "trailer-link": null,
        "studio": null
    },
    {
        "category": "Best international feature",
        "name": "Walter Salles",
        "name2": null,
        "name3": null,
        "name4": null,
        "name5": null,
        "namecode": "waltersalles",
        "film": "I'm Still Here",
        "filmcode": "i'mstillhere",
        "music": null,
        "": null,
        "country": "Brazil",
        "nomineecode": null,
        "winner": null,
        "trailer-link": null,
        "studio": null
    },
    {
        "category": "Best international feature",
        "name": "Magnus von Horn",
        "name2": null,
        "name3": null,
        "name4": null,
        "name5": null,
        "namecode": "magnusvonhorn",
        "film": "The Girl with the Needle",
        "filmcode": "thegirlwiththeneedle",
        "music": null,
        "": null,
        "country": "Denmark",
        "nomineecode": null,
        "winner": null,
        "trailer-link": null,
        "studio": null
    },
    {
        "category": "Best international feature",
        "name": "Jacques Audiard",
        "name2": null,
        "name3": null,
        "name4": null,
        "name5": null,
        "namecode": "jacquesaudiard",
        "film": "Emilia Pérez",
        "filmcode": "emiliapérez",
        "music": null,
        "": null,
        "country": "France",
        "nomineecode": null,
        "winner": null,
        "trailer-link": null,
        "studio": null
    },
    {
        "category": "Best international feature",
        "name": "Mohammad Rasoulof",
        "name2": null,
        "name3": null,
        "name4": null,
        "name5": null,
        "namecode": "mohammadrasoulof",
        "film": "The Seed of the Sacred Fig",
        "filmcode": "theseedofthesacredfig",
        "music": null,
        "": null,
        "country": "Germany",
        "nomineecode": null,
        "winner": null,
        "trailer-link": null,
        "studio": null
    },
    {
        "category": "Best international feature",
        "name": "Miguel Gomes",
        "name2": null,
        "name3": null,
        "name4": null,
        "name5": null,
        "namecode": "miguelgomes",
        "film": "Flow",
        "filmcode": "flow",
        "music": null,
        "": null,
        "country": "Latvia",
        "nomineecode": null,
        "winner": null,
        "trailer-link": null,
        "studio": null
    },
    {
        "category": "Best documentary feature",
        "name": "Shiori Itō",
        "name2": null,
        "name3": null,
        "name4": null,
        "name5": null,
        "namecode": "shioriitō",
        "film": "Black Box Diaries",
        "filmcode": "blackboxdiaries",
        "music": null,
        "": null,
        "country": null,
        "nomineecode": null,
        "winner": null,
        "trailer-link": null,
        "studio": "MTV"
    },
    {
        "category": "Best documentary feature",
        "name": "No Other Land",
        "name2": "Basel Adra",
        "name3": "Hamdan Ballal",
        "name4": "Yuval Abraham",
        "name5": "Rachel Szor",
        "namecode": "nootherlandbaseladrahamdanballalyuvalabrahamrachelszor",
        "film": "No Other Land",
        "filmcode": "nootherland",
        "music": null,
        "": null,
        "country": null,
        "nomineecode": null,
        "winner": null,
        "trailer-link": null,
        "studio": "No distributor"
    },
    {
        "category": "Best documentary feature",
        "name": "Brendan Bellomo",
        "name2": "Slava Leontyev",
        "name3": null,
        "name4": null,
        "name5": null,
        "namecode": "brendanbellomoslavaleontyev",
        "film": "Porcelain War",
        "filmcode": "porcelainwar",
        "music": null,
        "": null,
        "country": null,
        "nomineecode": null,
        "winner": null,
        "trailer-link": null,
        "studio": "Picturehouse"
    },
    {
        "category": "Best documentary feature",
        "name": "Johan Grimonprez",
        "name2": null,
        "name3": null,
        "name4": null,
        "name5": null,
        "namecode": "johangrimonprez",
        "film": "Soundtrack to a Coup d'Etat",
        "filmcode": "soundtracktoacoupd'etat",
        "music": null,
        "": null,
        "country": null,
        "nomineecode": null,
        "winner": null,
        "trailer-link": null,
        "studio": "Kino Lorber"
    },
    {
        "category": "Best documentary feature",
        "name": "Julian Brave NoiseCat",
        "name2": "Emily Kassie",
        "name3": null,
        "name4": null,
        "name5": null,
        "namecode": "julianbravenoisecatemilykassie",
        "film": "Sugarcane",
        "filmcode": "sugarcane",
        "music": null,
        "": null,
        "country": null,
        "nomineecode": null,
        "winner": null,
        "trailer-link": null,
        "studio": "Nat Geo"
    },
    {
        "category": "Best animated feature",
        "name": "Flow",
        "name2": null,
        "name3": null,
        "name4": null,
        "name5": null,
        "namecode": "flow",
        "film": "Flow",
        "filmcode": "flow",
        "music": null,
        "": null,
        "country": null,
        "nomineecode": null,
        "winner": null,
        "trailer-link": null,
        "studio": "Janus Films/Sideshow"
    },
    {
        "category": "Best animated feature",
        "name": "Inside Out 2",
        "name2": null,
        "name3": null,
        "name4": null,
        "name5": null,
        "namecode": "insideout2",
        "film": "Inside Out 2",
        "filmcode": "insideout2",
        "music": null,
        "": null,
        "country": null,
        "nomineecode": null,
        "winner": null,
        "trailer-link": null,
        "studio": "Disney/Pixar"
    },
    {
        "category": "Best animated feature",
        "name": "Memoir of a Snail",
        "name2": null,
        "name3": null,
        "name4": null,
        "name5": null,
        "namecode": "memoirofasnail",
        "film": "Memoir of a Snail",
        "filmcode": "memoirofasnail",
        "music": null,
        "": null,
        "country": null,
        "nomineecode": null,
        "winner": null,
        "trailer-link": null,
        "studio": "IFC Films"
    },
    {
        "category": "Best animated feature",
        "name": "Wallace & Gromit: Vengeance Most Fowl",
        "name2": null,
        "name3": null,
        "name4": null,
        "name5": null,
        "namecode": "wallace&gromitvengeancemostfowl",
        "film": "Wallace & Gromit: Vengeance Most Fowl",
        "filmcode": "wallace&gromitvengeancemostfowl",
        "music": null,
        "": null,
        "country": null,
        "nomineecode": null,
        "winner": null,
        "trailer-link": null,
        "studio": "Aardman/Netflix"
    },
    {
        "category": "Best animated feature",
        "name": "The Wild Robot",
        "name2": null,
        "name3": null,
        "name4": null,
        "name5": null,
        "namecode": "thewildrobot",
        "film": "The Wild Robot",
        "filmcode": "thewildrobot",
        "music": null,
        "": null,
        "country": null,
        "nomineecode": null,
        "winner": null,
        "trailer-link": null,
        "studio": "Dreamworks/Universal"
    },
    {
        "category": "Best cinematography",
        "name": "Lol Crawley",
        "name2": null,
        "name3": null,
        "name4": "Lol Crawley",
        "name5": null,
        "namecode": "lolcrawleylolcrawley",
        "film": "The Brutalist",
        "filmcode": "thebrutalist",
        "music": null,
        "": null,
        "country": null,
        "nomineecode": null,
        "winner": null,
        "trailer-link": null,
        "studio": null
    },
    {
        "category": "Best cinematography",
        "name": "Greig Fraser",
        "name2": null,
        "name3": null,
        "name4": "Greig Fraser",
        "name5": null,
        "namecode": "greigfrasergreigfraser",
        "film": "Dune: Part Two",
        "filmcode": "duneparttwo",
        "music": null,
        "": null,
        "country": null,
        "nomineecode": null,
        "winner": null,
        "trailer-link": null,
        "studio": null
    },
    {
        "category": "Best cinematography",
        "name": "Paul Guillaume",
        "name2": null,
        "name3": null,
        "name4": "Paul Guillaume",
        "name5": null,
        "namecode": "paulguillaumepaulguillaume",
        "film": "Emilia Pérez",
        "filmcode": "emiliapérez",
        "music": null,
        "": null,
        "country": null,
        "nomineecode": null,
        "winner": null,
        "trailer-link": null,
        "studio": null
    },
    {
        "category": "Best cinematography",
        "name": "Edward Lachman",
        "name2": null,
        "name3": null,
        "name4": "Edward Lachman",
        "name5": null,
        "namecode": "edwardlachmanedwardlachman",
        "film": "Maria",
        "filmcode": "maria",
        "music": null,
        "": null,
        "country": null,
        "nomineecode": null,
        "winner": null,
        "trailer-link": null,
        "studio": null
    },
    {
        "category": "Best cinematography",
        "name": "Jarin Blaschke",
        "name2": null,
        "name3": null,
        "name4": "Jarin Blaschke",
        "name5": null,
        "namecode": "jarinblaschkejarinblaschke",
        "film": "Nosferatu",
        "filmcode": "nosferatu",
        "music": null,
        "": null,
        "country": null,
        "nomineecode": null,
        "winner": null,
        "trailer-link": null,
        "studio": null
    },
    {
        "category": "Best costume design",
        "name": "Arianne Phillips",
        "name2": null,
        "name3": null,
        "name4": "Arianne Phillips",
        "name5": null,
        "namecode": "ariannephillipsariannephillips",
        "film": "A Complete Unknown",
        "filmcode": "acompleteunknown",
        "music": null,
        "": null,
        "country": null,
        "nomineecode": null,
        "winner": null,
        "trailer-link": null,
        "studio": null
    },
    {
        "category": "Best costume design",
        "name": "Lisy Christl",
        "name2": null,
        "name3": null,
        "name4": null,
        "name5": null,
        "namecode": "lisychristl",
        "film": "Conclave",
        "filmcode": "conclave",
        "music": null,
        "": null,
        "country": null,
        "nomineecode": null,
        "winner": null,
        "trailer-link": null,
        "studio": null
    },
    {
        "category": "Best costume design",
        "name": "Janty Yates",
        "name2": null,
        "name3": null,
        "name4": null,
        "name5": null,
        "namecode": "jantyyates",
        "film": "Gladiator II",
        "filmcode": "gladiatorii",
        "music": null,
        "": null,
        "country": null,
        "nomineecode": null,
        "winner": null,
        "trailer-link": null,
        "studio": null
    },
    {
        "category": "Best costume design",
        "name": "Linda Muir",
        "name2": null,
        "name3": null,
        "name4": null,
        "name5": null,
        "namecode": "lindamuir",
        "film": "Nosferatu",
        "filmcode": "nosferatu",
        "music": null,
        "": null,
        "country": null,
        "nomineecode": null,
        "winner": null,
        "trailer-link": null,
        "studio": null
    },
    {
        "category": "Best costume design",
        "name": "Paul Tazewell",
        "name2": null,
        "name3": null,
        "name4": null,
        "name5": null,
        "namecode": "paultazewell",
        "film": "Wicked",
        "filmcode": "wicked",
        "music": null,
        "": null,
        "country": null,
        "nomineecode": null,
        "winner": null,
        "trailer-link": null,
        "studio": null
    },
    {
        "category": "Best film editing",
        "name": "Sean Baker",
        "name2": null,
        "name3": null,
        "name4": null,
        "name5": null,
        "namecode": "seanbaker",
        "film": "Anora",
        "filmcode": "anora",
        "music": null,
        "": null,
        "country": null,
        "nomineecode": null,
        "winner": null,
        "trailer-link": null,
        "studio": null
    },
    {
        "category": "Best film editing",
        "name": "Dávid Jancsó",
        "name2": null,
        "name3": null,
        "name4": null,
        "name5": null,
        "namecode": "dávidjancsó",
        "film": "The Brutalist",
        "filmcode": "thebrutalist",
        "music": null,
        "": null,
        "country": null,
        "nomineecode": null,
        "winner": null,
        "trailer-link": null,
        "studio": null
    },
    {
        "category": "Best film editing",
        "name": "Nick Emerson",
        "name2": null,
        "name3": null,
        "name4": null,
        "name5": null,
        "namecode": "nickemerson",
        "film": "Conclave",
        "filmcode": "conclave",
        "music": null,
        "": null,
        "country": null,
        "nomineecode": null,
        "winner": null,
        "trailer-link": null,
        "studio": null
    },
    {
        "category": "Best film editing",
        "name": "Juliette Welfling",
        "name2": null,
        "name3": null,
        "name4": null,
        "name5": null,
        "namecode": "juliettewelfling",
        "film": "Emilia Pérez",
        "filmcode": "emiliapérez",
        "music": null,
        "": null,
        "country": null,
        "nomineecode": null,
        "winner": null,
        "trailer-link": null,
        "studio": null
    },
    {
        "category": "Best film editing",
        "name": "Myron Kerstein",
        "name2": null,
        "name3": null,
        "name4": null,
        "name5": null,
        "namecode": "myronkerstein",
        "film": "Wicked",
        "filmcode": "wicked",
        "music": null,
        "": null,
        "country": null,
        "nomineecode": null,
        "winner": null,
        "trailer-link": null,
        "studio": null
    },
    {
        "category": "Best production design",
        "name": "Judy Becker",
        "name2": null,
        "name3": null,
        "name4": null,
        "name5": null,
        "namecode": "judybecker",
        "film": "The Brutalist",
        "filmcode": "thebrutalist",
        "music": null,
        "": null,
        "country": null,
        "nomineecode": null,
        "winner": null,
        "trailer-link": null,
        "studio": null
    },
    {
        "category": "Best production design",
        "name": "Suzie Davies",
        "name2": null,
        "name3": null,
        "name4": null,
        "name5": null,
        "namecode": "suziedavies",
        "film": "Conclave",
        "filmcode": "conclave",
        "music": null,
        "": null,
        "country": null,
        "nomineecode": null,
        "winner": null,
        "trailer-link": null,
        "studio": null
    },
    {
        "category": "Best production design",
        "name": "Patrice Vermette",
        "name2": null,
        "name3": null,
        "name4": null,
        "name5": null,
        "namecode": "patricevermette",
        "film": "Dune: Part Two",
        "filmcode": "duneparttwo",
        "music": null,
        "": null,
        "country": null,
        "nomineecode": null,
        "winner": null,
        "trailer-link": null,
        "studio": null
    },
    {
        "category": "Best production design",
        "name": "Craig Lathrop",
        "name2": null,
        "name3": null,
        "name4": null,
        "name5": null,
        "namecode": "craiglathrop",
        "film": "Nosferatu",
        "filmcode": "nosferatu",
        "music": null,
        "": null,
        "country": null,
        "nomineecode": null,
        "winner": null,
        "trailer-link": null,
        "studio": null
    },
    {
        "category": "Best production design",
        "name": "Nathan Crowley",
        "name2": null,
        "name3": null,
        "name4": null,
        "name5": null,
        "namecode": "nathancrowley",
        "film": "Wicked",
        "filmcode": "wicked",
        "music": null,
        "": null,
        "country": null,
        "nomineecode": null,
        "winner": null,
        "trailer-link": null,
        "studio": null
    },
    {
        "category": "Best original score",
        "name": "Daniel Blumberg",
        "name2": null,
        "name3": null,
        "name4": null,
        "name5": null,
        "namecode": "danielblumberg",
        "film": "The Brutalist",
        "filmcode": "thebrutalist",
        "music": null,
        "": null,
        "country": null,
        "nomineecode": null,
        "winner": null,
        "trailer-link": null,
        "studio": null
    },
    {
        "category": "Best original score",
        "name": "Volker Bertelmann",
        "name2": null,
        "name3": null,
        "name4": null,
        "name5": null,
        "namecode": "volkerbertelmann",
        "film": "Conclave",
        "filmcode": "conclave",
        "music": null,
        "": null,
        "country": null,
        "nomineecode": null,
        "winner": null,
        "trailer-link": null,
        "studio": null
    },
    {
        "category": "Best original score",
        "name": "Clément Ducol & Camille",
        "name2": null,
        "name3": null,
        "name4": null,
        "name5": null,
        "namecode": "clémentducol&camille",
        "film": "Emilia Pérez",
        "filmcode": "emiliapérez",
        "music": null,
        "": null,
        "country": null,
        "nomineecode": null,
        "winner": null,
        "trailer-link": null,
        "studio": null
    },
    {
        "category": "Best original score",
        "name": "John Powell",
        "name2": "Stephen Schwartz",
        "name3": null,
        "name4": null,
        "name5": null,
        "namecode": "johnpowellstephenschwartz",
        "film": "Wicked",
        "filmcode": "wicked",
        "music": null,
        "": null,
        "country": null,
        "nomineecode": null,
        "winner": null,
        "trailer-link": null,
        "studio": null
    },
    {
        "category": "Best original score",
        "name": "Kris Bowers",
        "name2": null,
        "name3": null,
        "name4": null,
        "name5": null,
        "namecode": "krisbowers",
        "film": "The Wild Robot",
        "filmcode": "thewildrobot",
        "music": null,
        "": null,
        "country": null,
        "nomineecode": null,
        "winner": null,
        "trailer-link": null,
        "studio": null
    },
    {
        "category": "Best original song",
        "name": "Elton John",
        "name2": "Brandi Carlile",
        "name3": null,
        "name4": null,
        "name5": null,
        "namecode": "eltonjohnbrandicarlile",
        "film": "Elton John: Never Too Late",
        "filmcode": "eltonjohnnevertoolate",
        "music": "Never Too Late",
        "": null,
        "country": null,
        "nomineecode": null,
        "winner": null,
        "trailer-link": null,
        "studio": null
    },
    {
        "category": "Best original song",
        "name": "Clement Ducol",
        "name2": "Camille",
        "name3": "Jacques Audiard",
        "name4": null,
        "name5": null,
        "namecode": "clementducolcamillejacquesaudiard",
        "film": "Emilia Pérez",
        "filmcode": "emiliapérez",
        "music": "El Mal",
        "": null,
        "country": null,
        "nomineecode": null,
        "winner": null,
        "trailer-link": null,
        "studio": null
    },
    {
        "category": "Best original song",
        "name": "Clement Ducol",
        "name2": "Camille",
        "name3": null,
        "name4": null,
        "name5": null,
        "namecode": "clementducolcamille",
        "film": "Emilia Pérez",
        "filmcode": "emiliapérez",
        "music": "Mi Camino",
        "": null,
        "country": null,
        "nomineecode": null,
        "winner": null,
        "trailer-link": null,
        "studio": null
    },
    {
        "category": "Best original song",
        "name": "Adrian Quesada",
        "name2": "Abraham Alexander",
        "name3": null,
        "name4": null,
        "name5": null,
        "namecode": "adrianquesadaabrahamalexander",
        "film": "Sing Sing",
        "filmcode": "singsing",
        "music": "Like a Bird",
        "": null,
        "country": null,
        "nomineecode": null,
        "winner": null,
        "trailer-link": null,
        "studio": null
    },
    {
        "category": "Best original song",
        "name": "Diane Warren",
        "name2": null,
        "name3": null,
        "name4": null,
        "name5": null,
        "namecode": "dianewarren",
        "film": "The Six Triple Eight",
        "filmcode": "thesixtripleeight",
        "music": "The Journey",
        "": null,
        "country": null,
        "nomineecode": null,
        "winner": null,
        "trailer-link": null,
        "studio": null
    },
    {
        "category": "Best sound",
        "name": "Tod A. Maitland",
        "name2": "Donald Sylvester",
        "name3": "Ted Caplan",
        "name4": "Paul Massey",
        "name5": "and David Giammarco",
        "namecode": "todamaitlanddonaldsylvestertedcaplanpaulmasseyanddavidgiammarco",
        "film": "A Complete Unknown",
        "filmcode": "acompleteunknown",
        "music": null,
        "": null,
        "country": null,
        "nomineecode": null,
        "winner": null,
        "trailer-link": null,
        "studio": null
    },
    {
        "category": "Best sound",
        "name": "Gareth John",
        "name2": "Richard King",
        "name3": "Ron Bartlett",
        "name4": "Doug Hemphill",
        "name5": null,
        "namecode": "garethjohnrichardkingronbartlettdoughemphill",
        "film": "Dune: Part Two",
        "filmcode": "duneparttwo",
        "music": null,
        "": null,
        "country": null,
        "nomineecode": null,
        "winner": null,
        "trailer-link": null,
        "studio": null
    },
    {
        "category": "Best sound",
        "name": "Erwan Kerzanet",
        "name2": "Aymeric Devoldère",
        "name3": "Maxence Dussère",
        "name4": "Cyril Holtz",
        "name5": "Niels Barletta",
        "namecode": "erwankerzanetaymericdevoldèremaxencedussèrecyrilholtznielsbarletta",
        "film": "Emilia Pérez",
        "filmcode": "emiliapérez",
        "music": null,
        "": null,
        "country": null,
        "nomineecode": null,
        "winner": null,
        "trailer-link": null,
        "studio": null
    },
    {
        "category": "Best sound",
        "name": "Simon Hayes",
        "name2": "Nancy Nugent Title",
        "name3": "Jack Dolman",
        "name4": "Andy Nelson",
        "name5": "John Marquis",
        "namecode": "simonhayesnancynugenttitlejackdolmanandynelsonjohnmarquis",
        "film": "Wicked",
        "filmcode": "wicked",
        "music": null,
        "": null,
        "country": null,
        "nomineecode": null,
        "winner": null,
        "trailer-link": null,
        "studio": null
    },
    {
        "category": "Best sound",
        "name": "Randy Thom",
        "name2": "Brian Chumney",
        "name3": "Gary A. Rizzo",
        "name4": "Leff Lefferts",
        "name5": null,
        "namecode": "randythombrianchumneygaryarizzolefflefferts",
        "film": "The Wild Robot",
        "filmcode": "thewildrobot",
        "music": null,
        "": null,
        "country": null,
        "nomineecode": null,
        "winner": null,
        "trailer-link": null,
        "studio": null
    },
    {
        "category": "Best visual effects",
        "name": "Eric Barba",
        "name2": "Nelson Sepulveda-Fauser",
        "name3": "Daniel Macarin",
        "name4": "Shane Mahan",
        "name5": null,
        "namecode": "ericbarbanelsonsepulveda-fauserdanielmacarinshanemahan",
        "film": "Alien: Romulus",
        "filmcode": "alienromulus",
        "music": null,
        "": null,
        "country": null,
        "nomineecode": null,
        "winner": null,
        "trailer-link": null,
        "studio": null
    },
    {
        "category": "Best visual effects",
        "name": "Luke Millar",
        "name2": "David Clayton",
        "name3": "Keith Herft",
        "name4": "Peter Stubbs",
        "name5": null,
        "namecode": "lukemillardavidclaytonkeithherftpeterstubbs",
        "film": "Better Man",
        "filmcode": "betterman",
        "music": null,
        "": null,
        "country": null,
        "nomineecode": null,
        "winner": null,
        "trailer-link": null,
        "studio": null
    },
    {
        "category": "Best visual effects",
        "name": "Paul Lambert",
        "name2": "Stephen James",
        "name3": "Rhys Salcombe",
        "name4": "Gerd Nefzer",
        "name5": null,
        "namecode": "paullambertstephenjamesrhyssalcombegerdnefzer",
        "film": "Dune: Part Two",
        "filmcode": "duneparttwo",
        "music": null,
        "": null,
        "country": null,
        "nomineecode": null,
        "winner": null,
        "trailer-link": null,
        "studio": null
    },
    {
        "category": "Best visual effects",
        "name": "Erik Winquist",
        "name2": "Stephen Unterfranz",
        "name3": "Paul Story",
        "name4": "Rodney Burke",
        "name5": null,
        "namecode": "erikwinquiststephenunterfranzpaulstoryrodneyburke",
        "film": "Kingdom of the Planet of the Apes",
        "filmcode": "kingdomoftheplanetoftheapes",
        "music": null,
        "": null,
        "country": null,
        "nomineecode": null,
        "winner": null,
        "trailer-link": null,
        "studio": null
    },
    {
        "category": "Best visual effects",
        "name": "Pablo Helman",
        "name2": "Jonathan Fawkner",
        "name3": "David Shirk",
        "name4": "Paul Corbould",
        "name5": null,
        "namecode": "pablohelmanjonathanfawknerdavidshirkpaulcorbould",
        "film": "Wicked",
        "filmcode": "wicked",
        "music": null,
        "": null,
        "country": null,
        "nomineecode": null,
        "winner": null,
        "trailer-link": null,
        "studio": null
    },
    {
        "category": "Best makeup and hairstyling",
        "name": "Mike Marino",
        "name2": "David Presto",
        "name3": "Crystal Jurado",
        "name4": null,
        "name5": null,
        "namecode": "mikemarinodavidprestocrystaljurado",
        "film": "A Different Man",
        "filmcode": "adifferentman",
        "music": null,
        "": null,
        "country": null,
        "nomineecode": null,
        "winner": null,
        "trailer-link": null,
        "studio": null
    },
    {
        "category": "Best makeup and hairstyling",
        "name": "Julia Floch Carbonel",
        "name2": "Emmanuel Janvier",
        "name3": "Jean-Christophe Spadaccini",
        "name4": null,
        "name5": null,
        "namecode": "juliaflochcarbonelemmanueljanvierjean-christophespadaccini",
        "film": "Emilia Pérez",
        "filmcode": "emiliapérez",
        "music": null,
        "": null,
        "country": null,
        "nomineecode": null,
        "winner": null,
        "trailer-link": null,
        "studio": null
    },
    {
        "category": "Best makeup and hairstyling",
        "name": "David White",
        "name2": "Traci Loader",
        "name3": "Suzanne Stokes-Munton",
        "name4": null,
        "name5": null,
        "namecode": "davidwhitetraciloadersuzannestokes-munton",
        "film": "Nosferatu",
        "filmcode": "nosferatu",
        "music": null,
        "": null,
        "country": null,
        "nomineecode": null,
        "winner": null,
        "trailer-link": null,
        "studio": null
    },
    {
        "category": "Best makeup and hairstyling",
        "name": "Pierre-Olivier Persin",
        "name2": "Stéphanie Guillon",
        "name3": "Marilyne Scarselli",
        "name4": null,
        "name5": null,
        "namecode": "pierre-olivierpersinstéphanieguillonmarilynescarselli",
        "film": "The Substance",
        "filmcode": "thesubstance",
        "music": null,
        "": null,
        "country": null,
        "nomineecode": null,
        "winner": null,
        "trailer-link": null,
        "studio": null
    },
    {
        "category": "Best makeup and hairstyling",
        "name": "Frances Hannon",
        "name2": "Laura Blount",
        "name3": "Sarah Nuth",
        "name4": null,
        "name5": null,
        "namecode": "franceshannonlaurablountsarahnuth",
        "film": "Wicked",
        "filmcode": "wicked",
        "music": null,
        "": null,
        "country": null,
        "nomineecode": null,
        "winner": null,
        "trailer-link": null,
        "studio": null
    },
    {
        "category": "Best documentary short",
        "name": "Kim A. Snyder",
        "name2": "Janique L. Robillard",
        "name3": null,
        "name4": null,
        "name5": null,
        "namecode": "kimasnyderjaniquelrobillard",
        "film": "Death by Numbers",
        "filmcode": "deathbynumbers",
        "music": null,
        "": null,
        "country": null,
        "nomineecode": null,
        "winner": null,
        "trailer-link": null,
        "studio": null
    },
    {
        "category": "Best documentary short",
        "name": "Smriti Mundhra",
        "name2": "Maya Gnyp",
        "name3": null,
        "name4": null,
        "name5": null,
        "namecode": "smritimundhramayagnyp",
        "film": "I Am ReadyWarden",
        "filmcode": "iamreadywarden",
        "music": null,
        "": null,
        "country": null,
        "nomineecode": null,
        "winner": null,
        "trailer-link": null,
        "studio": null
    },
    {
        "category": "Best documentary short",
        "name": "Bill Morrison",
        "name2": "Jamie Kalven",
        "name3": null,
        "name4": null,
        "name5": null,
        "namecode": "billmorrisonjamiekalven",
        "film": "Incident",
        "filmcode": "incident",
        "music": null,
        "": null,
        "country": null,
        "nomineecode": null,
        "winner": null,
        "trailer-link": null,
        "studio": null
    },
    {
        "category": "Best documentary short",
        "name": "Ema Ryan Yamazaki",
        "name2": "Eric Nyari",
        "name3": null,
        "name4": null,
        "name5": null,
        "namecode": "emaryanyamazakiericnyari",
        "film": "Instruments of a Beating Heart",
        "filmcode": "instrumentsofabeatingheart",
        "music": null,
        "": null,
        "country": null,
        "nomineecode": null,
        "winner": null,
        "trailer-link": null,
        "studio": null
    },
    {
        "category": "Best documentary short",
        "name": "Molly O’Brien",
        "name2": "Lisa Remington",
        "name3": null,
        "name4": null,
        "name5": null,
        "namecode": "mollyo’brienlisaremington",
        "film": "The Only Girl in the Orchestra",
        "filmcode": "theonlygirlintheorchestra",
        "music": null,
        "": null,
        "country": null,
        "nomineecode": null,
        "winner": null,
        "trailer-link": null,
        "studio": null
    },
    {
        "category": "Best animated short",
        "name": "Nicolas Keppens",
        "name2": "Brecht Van Elslande",
        "name3": null,
        "name4": null,
        "name5": null,
        "namecode": "nicolaskeppensbrechtvanelslande",
        "film": "Beautiful Men",
        "filmcode": "beautifulmen",
        "music": null,
        "": null,
        "country": null,
        "nomineecode": null,
        "winner": null,
        "trailer-link": null,
        "studio": null
    },
    {
        "category": "Best animated short",
        "name": "Shirin Sohani",
        "name2": "Hossein Molayemi",
        "name3": null,
        "name4": null,
        "name5": null,
        "namecode": "shirinsohanihosseinmolayemi",
        "film": "In the Shadow of the Cypress",
        "filmcode": "intheshadowofthecypress",
        "music": null,
        "": null,
        "country": null,
        "nomineecode": null,
        "winner": null,
        "trailer-link": null,
        "studio": null
    },
    {
        "category": "Best animated short",
        "name": "Daisuke Nishio",
        "name2": "Takashi Washio",
        "name3": null,
        "name4": null,
        "name5": null,
        "namecode": "daisukenishiotakashiwashio",
        "film": "Magic Candies",
        "filmcode": "magiccandies",
        "music": null,
        "": null,
        "country": null,
        "nomineecode": null,
        "winner": null,
        "trailer-link": null,
        "studio": null
    },
    {
        "category": "Best animated short",
        "name": "Nina Gantz",
        "name2": "Stienette Bosklopper",
        "name3": null,
        "name4": null,
        "name5": null,
        "namecode": "ninagantzstienettebosklopper",
        "film": "Wander to Wonder",
        "filmcode": "wandertowonder",
        "music": null,
        "": null,
        "country": null,
        "nomineecode": null,
        "winner": null,
        "trailer-link": null,
        "studio": null
    },
    {
        "category": "Best animated short",
        "name": "Loïc Espuche",
        "name2": "Juliette Marquet",
        "name3": null,
        "name4": null,
        "name5": null,
        "namecode": "loïcespuchejuliettemarquet",
        "film": "Yuck!",
        "filmcode": "yuck!",
        "music": null,
        "": null,
        "country": null,
        "nomineecode": null,
        "winner": null,
        "trailer-link": null,
        "studio": null
    },
    {
        "category": "Best live-action short",
        "name": "Sam Cutler-Kreutz",
        "name2": "David Cutler-Kreutz",
        "name3": null,
        "name4": null,
        "name5": null,
        "namecode": "samcutler-kreutzdavidcutler-kreutz",
        "film": "A Lien",
        "filmcode": "alien",
        "music": null,
        "": null,
        "country": null,
        "nomineecode": null,
        "winner": null,
        "trailer-link": null,
        "studio": null
    },
    {
        "category": "Best live-action short",
        "name": "Adam J. Graves",
        "name2": "Suchitra Mattai",
        "name3": null,
        "name4": null,
        "name5": null,
        "namecode": "adamjgravessuchitramattai",
        "film": "Anuja",
        "filmcode": "anuja",
        "music": null,
        "": null,
        "country": null,
        "nomineecode": null,
        "winner": null,
        "trailer-link": null,
        "studio": null
    },
    {
        "category": "Best live-action short",
        "name": "Victoria Warmerdam",
        "name2": "Trent",
        "name3": null,
        "name4": null,
        "name5": null,
        "namecode": "victoriawarmerdamtrent",
        "film": "I'm Not a Robot",
        "filmcode": "i'mnotarobot",
        "music": null,
        "": null,
        "country": null,
        "nomineecode": null,
        "winner": null,
        "trailer-link": null,
        "studio": null
    },
    {
        "category": "Best live-action short",
        "name": "Cindy Lee",
        "name2": "Darwin Shaw",
        "name3": null,
        "name4": null,
        "name5": null,
        "namecode": "cindyleedarwinshaw",
        "film": "The Last Ranger",
        "filmcode": "thelastranger",
        "music": null,
        "": null,
        "country": null,
        "nomineecode": null,
        "winner": null,
        "trailer-link": null,
        "studio": null
    },
    {
        "category": "Best live-action short",
        "name": "Nebojša Slijepčević",
        "name2": "Danijel Pek",
        "name3": null,
        "name4": null,
        "name5": null,
        "namecode": "nebojšaslijepčevićdanijelpek",
        "film": "The Man Who Could Not Remain Silent",
        "filmcode": "themanwhocouldnotremainsilent",
        "music": null,
        "": null,
        "country": null,
        "nomineecode": null,
        "winner": null,
        "trailer-link": null,
        "studio": null
    }
]