{
    "QB": "Quarterback",
    "RB": "Running Back",
    "WR": "Wide Receiver",
    "TE": "Tight End",
    "G": "Guard",
    "T": "Tackle",
    "G/T": "Guard/Tackle",
    "T/G": "Tackle/Guard",
    "C": "Center",
    "C/G": "Center/Guard",
    "OL": "Offensive Lineman",
    "OLB": "Outside Linebacker",
    "LB": "Linebacker",
    "DE": "Defensive End",
    "DT": "Defensive Tackle",
    "NT": "Nose Tackle",
    "DB": "Defensive Back",
    "CB": "Cornerback",
    "S": "Safety",
    "FS": "Free Safety",
    "SS": "Strong Safety",
    "K": "Kicker",
    "P": "Punter",
    "LS": "Long Snapper",
    "FB": "Fullback",
    "DL": "Defensive Lineman"
}